Judul,Perusahaan,Lokasi,Description,Skills,URL
Test Engineer Intern,Flip,"Jakarta, Indonesia",S1,"Basic understanding of software development lifecycle (SDLC) and quality assurance processes
Familiar with at least one programming/scripting language (e.g., Python, JavaScript) and basic exposure to automation frameworks (e.g., Selenium, Cypress, Playwright).
Strong attention to detail with the ability to identify edge cases, break down requirements, and think critically about potential failures.",https://www.linkedin.com/jobs/view/4407737312/
Software Developer – SCG Indonesia,SCG,"Jakarta, Indonesia",S1,"Proficiency in one or more programming languages (e.g., Java, Python, C#, JavaScript).
Familiarity with databases, APIs, and modern development frameworks.",https://www.linkedin.com/jobs/view/4288198628/
Associate Machine Learning Engineer,tiket.com,"Jakarta, Indonesia",S1,"Experience in building ML Pipeline/ML Ops
Experience in ML Production
Experience with Cloud Technology, preferably Google Cloud Platform
Experience in Data Processing (e.g. batch, stream)
Experience in understanding the project goal and designing a suitable technical solution
Proficient in programming, preferably using Python/Java
Proficient in ML frameworks and libraries (e.g. Tensorflow, PyTorch)
Solid understanding of Learning Concepts (e.g. supervised, unsupervised, deep learning)",https://www.linkedin.com/jobs/view/4398122027/
Cloud Engineer (AWS based),College of Contract Management United Kingdom,Jakarta Metropolitan Area,S1,"Proven experience as an AWS Cloud Engineer or Linux Engineer
Strong knowledge of Linux in AWS environments
Hands-on experience with AWS Lambda, API Gateway, S3, and CloudFront
Experience with scripting (Bash and/or PowerShell)
Programming experience with Node.js, Python, or Java",https://www.linkedin.com/jobs/view/4411365442/
Ai Trainer - Remote,YO IT Consulting,"Jakarta, Jakarta, Indonesia",S1,"Background in design, UX/UI, creative direction, editing, or content strategy.
Experience reviewing creative, visual, or AI-generated content.
Familiarity with annotation, QA, moderation, or evaluation workflows, as well as working with AI tools or LLMs.",https://www.linkedin.com/jobs/view/4408637991/
Frontend Developer,Crossing Hurdles,Indonesia,S1,Have expert-level proficiency in JavaScript and TypeScript with hands-on experience in modern frontend frameworks.,https://www.linkedin.com/jobs/view/4406279669/
Game Designer,Gameloft Indonesia,Greater Yogyakarta,S1,"5+ years of experience in Game Design working on F2P mobile titles or live titles. 
Strong foundation in systems design, core loops, economy design, and live ops features. Familiarity with UI/UX principles, player psychology, user flows, and holistic player experience. 
Strong analytical mindset and ability to balance data with creative intuition. 
Proficiency in design tools (Unity, Unreal, Figma, Confluence, JIRA, etc.)",https://www.linkedin.com/jobs/view/4399830330/
Frontend Developer,"NTT DATA, Inc.",Jakarta Metropolitan Area,S1,"Minimum 2-5 years of experience in Front End Development.
Proficiency in Angular (TypeScript, RxJS, and Angular CLI).
Strong command of HTML5, CSS3/SCSS, and JavaScript. 
Familiarity with responsive design and CSS frameworks (e.g., Bootstrap, Tailwind, or Angular Material).
Experience with Git, Webpack, and modern build pipelines (CI/CD).
Familiarity with working with large data sets and ability to apply proper ML/AI algorithms.
Entry level experience in developing micro-services and RESTful APIs.",https://www.linkedin.com/jobs/view/4409286269/
"Data Engineer, Business Intelligence",Shopee,"Jakarta, Indonesia",S1,"Master's or bachelor degree in Computer Science/ Information Systems or any related fields
Expert in SQL, Spark, HDFS, and other data processing tools
Expert in Object Oriented & Functional Programming (preferably Python / Scala)
Experience in UNIX environment",https://www.linkedin.com/jobs/view/4408623919/
Power BI Developer,Glints,"Jakarta, Indonesia",S1,"SQL, Microsoft Power BI, Microsoft Power Query",https://www.linkedin.com/jobs/view/4405955581/
Python Coding Specialist - Freelance AI Trainer Project,"Meridial Marketplace, by Invisible",Indonesia,S1,"We’re looking for Python coding specialists who live and breathe algorithms, data structures, software architecture, frontend and backend development, cloud infrastructure, and systems programming—and who can do so fluently using Python. You’ll challenge advanced language models on topics like asynchronous programming, RESTful API integration",https://www.linkedin.com/jobs/view/4333163273/
Data Engineer,Crossing Hurdles,Indonesia,S1,"Have strong proficiency in Python and SQL.
Have experience designing and maintaining ETL / ELT pipelines.
Have solid experience with data manipulation libraries such as Pandas and NumPy.
Have experience working with structured and semi-structured datasets.
Be familiar with relational databases such as PostgreSQL or MySQL.",https://www.linkedin.com/jobs/view/4408643467/
Data Analyst / Data Engineer – SCG Indonesia,SCG,"Jakarta, Indonesia",S1,"SQL, Python, Excel, or BI tools (Power BI, Tableau).",https://www.linkedin.com/jobs/view/4299315688/
Website Developer Intern (Digital Transformation – Next.js & Node-RED),Telemecanique Sensors,"Batam, Riau Islands, Indonesia",S1,"Basic experience or understanding of Next.js (routing, API routes, component-based architecture)
Familiarity with Node-RED or willingness to learn low-code integration platforms
Basic knowledge of Microsoft SQL Server (MSSQL) including queries (SELECT, JOIN, INSERT, UPDATE)
Understanding of RESTful APIs",https://www.linkedin.com/jobs/view/4400366455/
Back-End Internship,ZettaByte Pte Ltd,"Yogyakarta, Yogyakarta, Indonesia",S1,"Familiar with HTML, CSS, JavaScript, MongoDB/NoSQL, and Git
 GraphQL, CI/CD tools, AWS, or Jenkins is a plus",https://www.linkedin.com/jobs/view/4411869275/
Data Engineer & Analytics,Kredivo Group,Jakarta Metropolitan Area,S1,"Good proficiency in writing SQL, either in RDBMS (i.e. MySQL, PostgreSQL, etc) or OLAP (i.e. BigQuery, Redshift, Oracle, etc.)",https://www.linkedin.com/jobs/view/4252939391/
Backend Engineer Project Intern (TikTok Shop by Tokopedia) - 2026 Start (BS/MS),TikTok,"Yogyakarta, Yogyakarta, Indonesia",S1,"Expertise with Golang or similar object-oriented languages.
 Strong understanding of SQL or similar relational database",https://www.linkedin.com/jobs/view/4321933499/
Software Engineer (C++),Formulatrix Indonesia,"Central Java, Indonesia",S1,"Strong knowledge of computer vision algorithms, optics, imaging systems, and familiarity with ML/CV frameworks (TensorFlow, PyTorch, OpenCV). Strong proficiency in at least one object-oriented programming language (C#, C++, Python, Java, or similar).",https://www.linkedin.com/jobs/view/4405095274/
"Staff Data Engineer – Display Marketing Team (Bangkok based, relocation provided)",Agoda,"Bali, Indonesia",S1,"Strong proficiency in Scala (preferred) or another JVM language (e.g. Java, Kotlin)
Strong proficiency in SQL
Experience building and operating data processing and pipeline systems, e.g. Spark, Kafka, workflow orchestration tools
Experience with messaging and asynchronous systems (e.g. RabbitMQ, Kafka)",https://www.linkedin.com/jobs/view/4394340568/
AI Engineer,Crossing Hurdles,Indonesia,S1,"Strong experience in AI engineering and delivering AI-driven solutions.
Strong proficiency in Python and machine learning frameworks.",https://www.linkedin.com/jobs/view/4406545030/
Growth Hacker - Marketing,Confidential,"Jakarta, Indonesia",S1,"Familiarity with SQL, Excel, or BI tools 
Basic knowledge of Python or R for data analysis or automation is a plus ",https://www.linkedin.com/jobs/view/4401175535/
Application Developer (.NET),PT Adicipta Inovasi Teknologi,"West Jakarta, Jakarta, Indonesia",S1,"Have experience with ASP.NET, C# .NET, SQL Server is preferred",https://www.linkedin.com/jobs/view/4408966974/
Senior Associate Software Developer,"NTT DATA, Inc.",Jakarta Metropolitan Area,S1,"Hands-on experience managing platforms, including ErP, Middleware, and other business-critical software.",https://www.linkedin.com/jobs/view/4409294026/
Odoo Developer,Waterbom Bali,"Bali, Indonesia",S1,"Develop and customize Odoo modules (Python, XML, JS/QWeb) based on agreed functional specs (POS, Ticketing, RFID, Finance, Inventory, F&B, Marketing).",https://www.linkedin.com/jobs/view/4401705739/
Oracle Retail Cloud Techno Functional Consultant-SIOCS,Tata Consultancy Services,"Jakarta, Indonesia",S1,"PL/SQL, Cloud",https://www.linkedin.com/jobs/view/4406958614/
Odoo Developer,FOOM LAB GLOBAL,"Cilandak, Jakarta, Indonesia",S1,"Strong understanding of Python and OOP concepts.
Good knowledge of PostgreSQL with the ability to write SQL queries.
Hands-on experience with OpenERP/Odoo version 11 or above, preferably Odoo version 15.
Excellent debugging skills in Odoo.",https://www.linkedin.com/jobs/view/4400755256/
Application Developer Malang (.NET),PT Adicipta Inovasi Teknologi,"Malang, East Java, Indonesia",S1,"Have experience with ASP.NET, C# .NET, SQL Server is preferred",https://www.linkedin.com/jobs/view/4408970984/
Labs Bootcamp Program,Shopee,"Jakarta, Indonesia",S1,Passionate and interested in pursuing a career in software development and programming,https://www.linkedin.com/jobs/view/3918806038/
Machine Learning Engineer,Crossing Hurdles,Indonesia,S1,"Have expert-level proficiency in TensorFlow and Scikit-Learn for end-to-end model development and deployment.
Possess a strong background in data preprocessing, including handling missing values, outlier detection, and feature selection.",https://www.linkedin.com/jobs/view/4407343499/
Oracle Retail Cloud Techno Functional Consultant-MFCS,Tata Consultancy Services,"Jakarta, Indonesia",S1,"PL/SQL, Oracle Cloud",https://www.linkedin.com/jobs/view/4406978074/
Software Engineer,Crossing Hurdles,Indonesia,S1,"Python, Rust, GoLang, Java, Node.js, Android, iOS, or full-stack development.",https://www.linkedin.com/jobs/view/4408871103/
Coding Specialist (Fluent in German) - Freelance AI Trainer Project,"Meridial Marketplace, by Invisible",Indonesia,S1,"advanced language models on topics like asynchronous programming, RESTful API ",https://www.linkedin.com/jobs/view/4314802334/
Site Reliability Engineer (Supply Chain) - Sea Labs,Sea,"Jakarta, Indonesia",S1,"Extensive and hands-on knowledge with Linux operating systems (Ubuntu, CentOS, etc.) and Windows servers.
Good knowledge of computer networking (TCP/IP, DNS, etc.)
Hands-on experience with at least one of the programming languages: Bash, Python, Go.",https://www.linkedin.com/jobs/view/4365798957/
Data Engineer,VLink Inc,"Jakarta, Indonesia",S1,"Python, SQL, ETL",https://www.linkedin.com/jobs/view/4407811220/
Senior Associate Software Developer,"NTT DATA, Inc.",Jakarta Metropolitan Area,S1," ErP, Middleware, and other business-critical software.
Moderate experience in managed services with knowledge of using ticketing tools like ServiceNow.",https://www.linkedin.com/jobs/view/4409280505/
"Staff Data Engineer – Display Marketing Team (Bangkok based, relocation provided)",Agoda,"Bandung, West Java, Indonesia",S1,"Java, Kotlin)
Strong proficiency in SQL
Experience building and operating data processing and pipeline systems, e.g. Spark, Kafka, workflow orchestration tools
Experience with messaging and asynchronous systems (e.g. RabbitMQ, Kafka)",https://www.linkedin.com/jobs/view/4394352111/
Coding Specialist (Fluent in Swedish) - Freelance AI Trainer Project,"Meridial Marketplace, by Invisible",Indonesia,S1,RESTful API ,https://www.linkedin.com/jobs/view/4315164278/
Machine Learning Researcher,Crossing Hurdles,Indonesia,S1,"AI and machine learning.
Have in-depth experience with deep learning frameworks, especially TensorFlow.",https://www.linkedin.com/jobs/view/4406293011/
Oracle Retail Cloud Integration Consultant,Tata Consultancy Services,"Jakarta, Indonesia",S1,"Oracle Retail Cloud, Oracle Retail SaaS, SQL / PLSQL, Unix / Batch Processing",https://www.linkedin.com/jobs/view/4406965460/
IT Non Developer Talent Pool - AOP,PT Astra International Tbk,"Jakarta, Jakarta, Indonesia",S1,,https://www.linkedin.com/jobs/view/4400235885/
Data Engineer,Meridia,Indonesia,S1,"ETL/data pipelines, especially for large and complex geospatial datasets, using modern orchestration and workflow tools such as Apache Airflow.
Proficient in cloud platforms (e.g. AWS), with hands-on experience architecting data storage, transformation, and metadata solutions in a secure and cost-effective manner using Infrastructure as Code tools such as Terraform
Skilled in Python and relevant data engineering frameworks (e.g., Pandas, Pydantic, Rasterio, Tippecano)",https://www.linkedin.com/jobs/view/4411646002/
"Account Solution Engineer, Informatica - Indonesia",Salesforce,"Jakarta, Indonesia",S1,"Advanced knowledge of security for cloud computing
Expert level skills for Informatica services and product capabilities in respective major or area of focus
Ability to engage VP/Director customer personas
Credibility with data engineers, data scientists, and other technical personas",https://www.linkedin.com/jobs/view/4380666651/
Data Science Platform Engineer - Business Intelligence,Shopee,"Jakarta, Indonesia",S1,"Strong expertise in distributed data processing tools (e.g., Trino, SparkSQL, PySpark, Ray)
Experience with distributed file systems (e.g., HDFS, S3, Google Cloud Storage)
Familiarity with metadata and catalog services (e.g., Hive Metastore, Unity Catalog)",https://www.linkedin.com/jobs/view/4404766007/
Oracle Retail Cloud Techno Functional Consultant-MFPCS,Tata Consultancy Services,"Jakarta, Indonesia",S1,"Oracle Cloud Infrastructure (OCI), SQL / PLSQL",https://www.linkedin.com/jobs/view/4406971410/
Frontend Developer,Crossing Hurdles,APJ,S1,JavaScript and TypeScript ,https://www.linkedin.com/jobs/view/4406277821/
Agentforce & Data 360 Solutions Engineer - Indonesia,Salesforce,"Jakarta, Indonesia",S1,"Direct experience with Salesforce Data Cloud, Agentforce, Marketing Cloud, or Service Cloud (Agentforce) solutions.
Experience with Large Language Models (LLMs) and Generative AI architectures.
Salesforce Certified Architect or relevant Data/AI certifications (e.g., AWS, Azure, GCP Data/ML certifications).
Knowledge of relevant data privacy and compliance requirements is a plus.
Knowledge of data architecture principles, including data modeling, ETL/ELT, data governance, and data quality.",https://www.linkedin.com/jobs/view/4369472957/
Data Engineer,"NTT DATA, Inc.",Jakarta Metropolitan Area,S1,"Java, Perl, Python, C++.",https://www.linkedin.com/jobs/view/4409288232/
Senior Back End Engineer (Enterprise Efficiency) - Sea Labs,Shopee,"Jakarta, Indonesia",S1,"5+ years of backend development experience (Java, Go, or Python preferred)
Strong understanding of distributed systems, microservices architecture, and API design
Proven ability to produce well-structured, maintainable, and testable code with minimal defects
Experience with relational databases (MySQL/PostgreSQL)",https://www.linkedin.com/jobs/view/4264319782/
T&T Consultant - Cloud Security - ID,Deloitte,Jakarta Metropolitan Area,S1,"CSPs (AWS, Azure, GCP). 
 Extensive hands-on experience in designing and implementing Security Landing Zones, cloud security architectures, and securing hybrid/multi-cloud environments. 
 Relevant certifications such as AWS Certified Security – Specialty, Microsoft Certified: Azure Security Engineer, Google Cloud Professional Cloud Security Engineer, or CISSP, CCSP are highly desirable. ",https://www.linkedin.com/jobs/view/4270070524/
Full Stack Developer (.Net),Meratus Group,"Jakarta, Jakarta, Indonesia",S1," Vue.js, TypeScript, JavaScript, and Tailwind CSS, OR
Backend: Proficiency in C#, .NET Core",https://www.linkedin.com/jobs/view/4284066488/
Full Stack Developer,Crossing Hurdles,Indonesia,S1,"in React.js, Node.js, AWS, PostgreSQL, Serverless Framework, and WebRTC.",https://www.linkedin.com/jobs/view/4407843035/
Oracle Retail Cloud Techno Functional Consultant - MFCS,Tata Consultancy Services,"Jakarta, Indonesia",S1,"Oracle Retail, PL/SQL, Oracle Cloud",https://www.linkedin.com/jobs/view/4405964018/
Associate Data Engineer,"NTT DATA, Inc.",Jakarta Metropolitan Area,S1,"Java, Perl, Python, C++.",https://www.linkedin.com/jobs/view/4409272939/
T&T Senior Analyst - Innovation Cloud Development Center - (Outsystems Developer) - ID,Deloitte,Jakarta Metropolitan Area,S1,"Bachelor’s degree with at least 2 or more years’ experience in Outsystems, Java, C#, ASP.Net, ADO.Net, JQuery and JavaScript.  
Strong working knowledge of various technology platforms and practices, including, but not limited to, Microsoft .NET technologies, service-oriented architecture, and software development best practices. ",https://www.linkedin.com/jobs/view/4270072411/
Helpdesk Engineer - IT (Solo),Shopee,"Surakarta, Central Java, Indonesia",S1,"Has basic knowledge of computer hardware, software, and OS (Windows and macOS)",https://www.linkedin.com/jobs/view/4310334951/
Senior Backend Engineer,Bibit.id,"Jakarta, Jakarta, Indonesia",S1,"Go, C++, Java, .NET, or Python, Experience in developing scalable Microservices and their associated components, such as tracing and logging, showcasing an adept understanding of strategies to handle high traffic loads",https://www.linkedin.com/jobs/view/4409278577/
Operations Engineer,Bukalapak,"Jakarta, Indonesia",S1,"PHP, JavaScript, and Go, MySQL, REST APIs",https://www.linkedin.com/jobs/view/4408225840/
Junior Game Developer (Java / libGDX),Crossing Hurdles,Indonesia,S1,"Java and object-oriented programming principles.
Hands-on experience with libGDX ",https://www.linkedin.com/jobs/view/4406523783/
Oracle Retail Cloud Techno Functional Consultant,Tata Consultancy Services,"Jakarta, Indonesia",S1,"Functional Knowledge in Oracle Retail Planning modules (MFP, AP, etc.)
SQL 
Unix
MFCS, Pricing, ReIM, ReSA (Cloud Experience)
Product Implementation Experience
Production Support Experience
Performance tuning techniques for SQL
Oracle Cloud Infrastructure (OCI)",https://www.linkedin.com/jobs/view/4408905486/
Software Developer,"NTT DATA, Inc.",Jakarta Metropolitan Area,S1,"AWS, GCP, Microsoft Azure, and Microsoft Office 365.
Developing subject matter expert in programming languages such as C/C++, C#, Java, JavaScript, Python, Node.js, libraries and frameworks.",https://www.linkedin.com/jobs/view/4409277535/ 
Back End Engineer (Marketplace Order Operations) - Sea Labs,Shopee,"Jakarta, Indonesia",S1,"Golang / Python / C++ / Java
In-depth understanding of Data Structures and Algorithms, Networking, OS and other Computer Science fundamentals
Familiar with commonly used Databases, such as MySQL
Familiar with commonly used middlewares, such as Redis and Kafka
Familiar with Kubernetes (K8S) Microservice Architecture
Familiar with HTTP/TCP protocols
Familiar with XML/JSON/Protocol Buffers",https://www.linkedin.com/jobs/view/3839432463/ 
Software Engineer,OCBC Indonesia,"Tangerang, Banten, Indonesia",S1,"Have experience using Java Spring Boot, Golang (for Back End Developer)
Have experience using React Js (for Front End Developer)
Have experience using Kotlin or Swift (for Mobile Developer)",https://www.linkedin.com/jobs/view/4330113976/ 
T&T Consultant - Artificial Intelligence & Data (Data Engineer) - ID,Deloitte,Jakarta Metropolitan Area,S1," Scala, Python, or R. 
 Experience with one or more non-relational data stores such as Pivotal, Cloudera, Hortonworks, MapR, Oracle BDA. 
 Experience with one or more relational data stores using SQL, Oracle DB, Microsoft SQL Server, IBM Netezza, Teradata or MySQL. 
 Experience building data ingestion and transformation pipelines using Big Data technologies, including one or more of the following: Spark, Hive, Pig, Kafka, MapReduce, HBase, Sqoop, Flume or Storm. ",https://www.linkedin.com/jobs/view/4299325817/ 
Frontend Web Developer,HashMicro,"Jakarta, Indonesia",S1,"Strong skills in PHP, with knowledge of frameworks like Laravel or WordPress being a plus.
Proficiency in front-end technologies like HTML5, CSS3, JavaScript (including frameworks like jQuery).
Experience with basic image editing using tools like Photoshop or Canva.",https://www.linkedin.com/jobs/view/4411454684/ 
Software Engineer,Crossing Hurdles,Indonesia,S1,"React, Python, Node.js, and JavaScript.",https://www.linkedin.com/jobs/view/4408640802/ 
BI Developer,"NTT DATA, Inc.",Jakarta Metropolitan Area,S1,"C, C++, Java, Python, SQL",https://www.linkedin.com/jobs/view/4409287242/ 
T&T Senior Consultant - Artificial Intelligence & Data (Data Engineer) - ID,Deloitte,Jakarta Metropolitan Area,S1," Scala, Python, or R. 
 Experience with one or more non-relational data stores such as Pivotal, Cloudera, Hortonworks, MapR, Oracle BDA. 
 Experience with one or more relational data stores using SQL, Oracle DB, Microsoft SQL Server, IBM Netezza, Teradata or MySQL. 
 Experience building data ingestion and transformation pipelines using Big Data technologies, including one or more of the following: Spark, Hive, Pig, Kafka, MapReduce, HBase, Sqoop, Flume or Storm. ",https://www.linkedin.com/jobs/view/4299605746/ 
Mobile Developer,VLink Inc,Jakarta Metropolitan Area,S1,"Proficient with React Native, Flutter, Kotlin, Objective-C or Swift, Android Studio, Ionic.",https://www.linkedin.com/jobs/view/4404054197/ 
ETL Testing & ETL Automation Engineer,Tata Consultancy Services,"Jakarta, Indonesia",S1,"Strong experience in ETL / Data Testing
Proficiency in SQL (complex joins, aggregations, reconciliation queries)
Hands‑on experience with ETL tools (Informatica, Talend, DataStage, or similar)
Experience in Data Warehouse / Data Lake testing",https://www.linkedin.com/jobs/view/4406943395/ 
Software Engineer (Multi-Language),Crossing Hurdles,Indonesia,S1,"Python, JavaScript, Typescript, and GoLang.",https://www.linkedin.com/jobs/view/4408312666/ 
Backend Developer,"NTT DATA, Inc.",Jakarta Metropolitan Area,S1,"SQL and experience working with relational databases
Experience building and maintaining backend services using JavaScript / Node.js",https://www.linkedin.com/jobs/view/4409293060/ 
Engineering Lead,Dropsuite,"Bandung, West Java, Indonesia",S1,"Various API Architecture styles especially RESTful and GraphQL would be additional advantage.
2+ years of experience in a leadership role, managing teams of 5 or more
Experience with big data and large-scale applications is a plus
Familiarity with Agile methodologies and experience using Jira (preferred)",https://www.linkedin.com/jobs/view/4405978551/ 
REST API Programmer,Lintasarta,"Jakarta, Indonesia",S1,"REST API, API security, OAuth, Token Based Security.",https://www.linkedin.com/jobs/view/4401406851/ 
Bash/PowerShell Engineer,Crossing Hurdles,Indonesia,S1,"awk, sed, grep (for Bash), PowerShell Core, DSC, Azure PowerShell modules",https://www.linkedin.com/jobs/view/4407344525/ 
Software Engineer,"NTT DATA, Inc.",Jakarta Metropolitan Area,S1,"AWS, GCP, Microsoft Azure, and Microsoft Office 365.
Developing subject matter expert in programming languages such as C/C++, C#, Java, JavaScript, Python, Node.js, Docker",https://www.linkedin.com/jobs/view/4409286273/ 
Back End Engineer (Enterprise Efficiency) - Sea Labs,Shopee,"Jakarta, Indonesia",S1,"Java, Go, or Python,  OOP/design patterns, REST API design
Working knowledge of relational databases (SQL queries, basic schema design, indexing)",https://www.linkedin.com/jobs/view/4394469009/ 
"Staff, Integration Engineer (Backend)",M-DAQ Global,Indonesia,S1,"NodeJS, Go, Java.
Proficient understanding of databases such as MySQL, PostgreSQL, MongoDB.",https://www.linkedin.com/jobs/view/4346963532/ 
Back End Engineer (Enterprise Efficiency) - Sea Labs,Sea,"Jakarta, Indonesia",S1," (Java, Go, or Python preferred)
Solid fundamentals: data structures, algorithms, OOP/design patterns, REST API design
Working knowledge of relational databases (SQL queries, basic schema design, indexing)
Familiarity with version control (Git) and basic CI/CD concepts",https://www.linkedin.com/jobs/view/4397779534/ 
Data Engineer,PT Lion Super Indo,"Jakarta, Indonesia",S1,"Microsoft Fabric, Azure Synaps, and Azure Data Factory
Proficient in SQL, Power BI",https://www.linkedin.com/jobs/view/4401831819/ 
Infrastructure Engineer,Crossing Hurdles,Indonesia,S1,"Python, Bash, JavaScript/TypeScript, Go, Rust, and/or C/C++.",https://www.linkedin.com/jobs/view/4412474051/ 
Software Developer (Back End),"NTT DATA, Inc.",Jakarta Metropolitan Area,S1,"Mid-level: 3–5 years with hands-on Java + React development.
Senior: 5+ years, including architecture and mentoring experience.
Knowledge of cloud platforms (AWS, Azure, GCP).
Experience with Docker/Kubernetes.",https://www.linkedin.com/jobs/view/4409277547/ 
Site Reliability Engineer (Supply Chain) - Sea Labs,Shopee,"Jakarta, Indonesia",S1,"(Ubuntu, CentOS, etc.) and Windows servers.
Good knowledge of computer networking (TCP/IP, DNS, etc.)
Hands-on experience with at least one of the programming languages: Bash, Python, Go.",https://www.linkedin.com/jobs/view/4321314804/ 
iOS Developer,PT. Adi Data Informatika,"Jakarta, Indonesia",S1,"Mengintegrasikan aplikasi dengan RESTful API dan sistem backend perbankan.
-Mengimplementasikan arsitektur aplikasi (MVC, MVVM, Clean Architecture).",https://www.linkedin.com/jobs/view/4405939858/ 
QA Engineer (Enterprise Efficiency) - Sea Labs,Sea,"Jakarta, Indonesia",S1,"Python, Java, or JavaScript/TypeScript — able to read code, write simple test scripts, and debug test failures.
Familiarity with at least one test automation framework (Selenium, Playwright, Cypress, pytest, or similar) — or strong willingness and aptitude to learn.
Experience with API testing tools (Postman, REST client) and basic understanding of REST API ",https://www.linkedin.com/jobs/view/4404015692/ 
Quality Assurance,cmlabs,"Malang, East Java, Indonesia",S1,"Automation Testing, Manual Testing, Tools, Selenium, Katalon, Postman, Company Perks
",https://www.linkedin.com/jobs/view/4058320567/ 
Fullstack Engineer - ID Risk (SDE 2),Kredivo Group,Jakarta Metropolitan Area,S1,"3+ years of working experience in the Software industry.
Strong understanding of Data Structures, Algorithms, and Computer Science fundamentals.
Experience working on NodeJS and some NodeJS frameworks such as ExpressJS.
Experience working on frontend and client technologies such as JS, CSS3, HTML5, JSON, Angular/React/VueJS, etc.
Proficient in HTTP, Web Services and Restful APIs.
Having a good understanding in SQL query",https://www.linkedin.com/jobs/view/4370683669/ 
Software Engineer - Python & Go,Crossing Hurdles,Indonesia,S1,"Strong experience in Python and Go development.
Strong experience with codebase migrations and system integrations.
Ability to work independently in remote, distributed teams.
Strong understanding of software engineering best practices.",https://www.linkedin.com/jobs/view/4400710749/ 
API Integration - Regional Seller Experience (Contract),Shopee,"Jakarta, Indonesia",S1,Strong experience in Python and Go development.,https://www.linkedin.com/jobs/view/4316620056/ 
System Security Engineer,Aplikas Servis Pesona,"Jakarta, Indonesia",S1,"Experience with SailPoint IdentityIQ / IdentityNow implementation or maintenance.
Good understanding of IAM concepts (provisioning, RBAC, SSO, access review) or IGA",https://www.linkedin.com/jobs/view/4411850599/
Senior Back End Engineer (Enterprise Efficiency) - Sea Labs,Sea,"Jakarta, Indonesia",S1,"(Java, Go, or Python preferred)
Strong understanding of distributed systems, microservices architecture, and API design
Proven ability to produce well-structured, maintainable, and testable code with minimal defects
Experience with relational databases (MySQL/PostgreSQL) and caching layers (Redis)
Solid understanding of CI/CD pipelines, automated testing, and deployment best practices",https://www.linkedin.com/jobs/view/4261955005/
Fullstack Engineer - Kredimall (SDE 2),Kredivo Group,Jakarta Metropolitan Area,S1,"3+ years of working experience in the Software industry.
Strong understanding of Data Structures, Algorithms, and Computer Science fundamentals.
Experience working on NodeJS and some NodeJS frameworks such as ExpressJS.
Experience working on frontend and client technologies such as JS, CSS3, HTML5, JSON, Angular/React/VueJS, etc.
Proficient in HTTP, Web Services and Restful APIs.
Having a good understanding in SQL query is a plus.",https://www.linkedin.com/jobs/view/4370693410/
Frontend Android Developer (Native Kotlin),"NTT DATA, Inc.",Jakarta Metropolitan Area,S1,"Experience: 3–4 years of professional experience in Android Native (Kotlin) development.
Architecture: In-depth understanding of MVVM, Clean Architecture, and Modular Architecture.
Networking & Async: Proven experience handling data communication using Retrofit and OkHttp, as well as managing asynchronous tasks with Kotlin Coroutines.
Hands-on experience with DI frameworks such as Hilt or Dagger.
Experience in programming languages such as C/C++, C#, Java, JavaScript, Python, Node.js, libraries and frameworks.",https://www.linkedin.com/jobs/view/4409280503/ 
Data Engineer,VLink Inc,"Jakarta, Indonesia",S1,"Hands-on experience with SQL (3+ years)
Proven expertise in ETL tools & frameworks such as: SSIS, Talend, Kettle, Pentaho, Debezium
Knowledge/experience with data and streaming technologies: Kafka, Flink, Spark
Experience with databases: PostgreSQL, Oracle Database, SQL, NoSQL, MongoDB
Familiarity with CDC, Event-Based Streaming, GraphDB, REST API
Basic proficiency in Python",https://www.linkedin.com/jobs/view/4410502657/
Software Engineer – Python & TypeScript,Crossing Hurdles,Indonesia,S1,"Strong experience in both Python and Typescript development in production environments.
Proven experience handling codebase migrations, refactoring, or modernization projects.
Familiarity with AI training workflows or data-related engineering processes.",https://www.linkedin.com/jobs/view/4400713893/
Unit Head – Regulatory System Engineering,Permata Bank,"Tangerang, Banten, Indonesia",S1,"ETL tools: Informatica, DataStage, Talend, Airflow
Databases: Oracle, SQL Server, Big Data platforms
Experience supporting regulatory reporting systems and Knowledge in LBUT, SLIK, RWA, PSAK, Etc",https://www.linkedin.com/jobs/view/4397686365/
AI Solutions Engineer (Engineering Infrastructure) - Sea Labs,Shopee,"Jakarta, Indonesia",S1,"Strong programming skills in Python (primary) - familiarity with Golang is a plus.
Solid CS fundamentals - algorithms, data structures, networking, systems, and architecture.
Backend experience designing cloud-ready services using databases, queues, caching, etc.
Familiarity with modern AI agent frameworks like LangChain, LangGraph, or strong interest in learning them.",https://www.linkedin.com/jobs/view/4112727701/
IT Quality Assurance,Ultra Voucher,"Tebet, Jakarta, Indonesia",S1,"Strong experience with at least one automation framework (Selenium, Cypress, Playwright, etc.).
Hands-on experience in API testing (Postman, REST Assured, etc.).
Solid understanding of SQL for database testing (Oracle, PostgreSQL).
Familiarity with NoSQL databases (MongoDB).
Experience with CI/CD tools (Jenkins, GitLab CI, or similar).
Proficiency in bug tracking & test management tools (Jira, TestRail, Zephyr, etc.).
Understanding of Agile/Scrum methodologies.
Experience in performance testing tools (JMeter, k6, Gatling) is a plus.",https://www.linkedin.com/jobs/view/4402246413/
MS Engineer (L2),"NTT DATA, Inc.",Jakarta Metropolitan Area,S1,,https://www.linkedin.com/jobs/view/4409279483/
Fullstack Engineer,PT Bank Neo Commerce Tbk,"Jakarta, Indonesia",S1,"JavaScript/TypeScript (React/NextJS) and Back-end (Java/Python/Go, SQL/NoSQL, REST API).
Familiar with SDLC, testing practices, and cloud deployment (GCP / Alibaba Cloud).",https://www.linkedin.com/jobs/view/4399114750/
Android Engineer - SDE 2,Kredivo Group,Jakarta Metropolitan Area,S1,"Proficient with Kotlin, Android SDK, Android Studio, and other various tools.",https://www.linkedin.com/jobs/view/4373676251/
Mobile Game Developer,Crossing Hurdles,Indonesia,S1,"Unity engine and C# programming language.
Have proven experience designing, developing, and shipping mobile games.",https://www.linkedin.com/jobs/view/4405986370/
Senior QA Engineer (Enterprise Efficiency) - Sea Labs,Shopee,"Jakarta, Indonesia",S1,"Selenium/WebDriver, Playwright, Cypress (E2E); pytest, JUnit, TestNG (API/unit); or equivalent frameworks.
Proven track record of building CI/CD-integrated test pipelines from scratch or significantly improving existing ones (Jenkins, GitLab CI, GitHub Actions, or similar).
Strong programming skills in at least one of: Python, Java, JavaScript/TypeScript ",https://www.linkedin.com/jobs/view/4403327865/
Power Apps Developer,PT Rapid Teknologi Indonesia,"Tangerang, Banten, Indonesia",S1,"Menguasai Microsoft Power Platform (Power Apps, Power Automate, Power BI menjadi nilai tambah)
Memahami integrasi data (REST API, SQL, SharePoint, Dataverse)
Memiliki pemahaman dasar tentang konsep UI/UX",https://www.linkedin.com/jobs/view/4408309043/
Fullstack Engineer - Collection (SDE 2),Kredivo Group,Jakarta Metropolitan Area,S1,"golang (must-have). 
Build and improve internal tools and user interfaces using React.js / Next.js (must-have) with Tailwind CSS. 
Write and optimize SQL queries (MySQL, PostgreSQL) and work with BigQuery datasets. 
Implement and maintain cloud-based workflows (Google Cloud Run, Cloud Functions, Cloud Scheduler, Cloud Jobs). 
Handle integrations with object storage (e.g., AWS S3 or GCP Cloud Storage) ",https://www.linkedin.com/jobs/view/4409957165/
AI Solutions Engineer (Engineering Infrastructure) - Sea Labs,Sea,"Jakarta, Indonesia",S1,"Strong programming skills in Python (primary) - familiarity with Golang is a plus.
Solid CS fundamentals - algorithms, data structures, networking, systems, and architecture.
Backend experience designing cloud-ready services using databases, queues, caching, etc.
Familiarity with modern AI agent frameworks like LangChain, LangGraph, or strong interest in learning them.",https://www.linkedin.com/jobs/view/4079942516/
"Senior Software Engineer, Backend - Business Platform",Grab,Jakarta Metropolitan Area,S1,"Python and Go, RESTful API, AWS, GCP, or Azure",https://www.linkedin.com/jobs/view/4365947947/
Full-Stack Engineer (JSON Schema Developer),Crossing Hurdles,Indonesia,S1,"Have proven experience designing complex JSON schemas, including objects within arrays and multilevel nesting.
Demonstrate strong proficiency in JSON, schema design, and data validation methodologies.",https://www.linkedin.com/jobs/view/4406533665/
Quality Assurance - Product,Shopee,"Jakarta, Indonesia",S1,"Carry out testing of the application system that is being developed, including the black-box/gray-box and positive/negative methods",https://www.linkedin.com/jobs/view/4303696098/
Programmer (Project Based),Lintasarta,"Jakarta, Indonesia",S1,"REST API, Java, Kafka, Microservices, Application framework, SQL",https://www.linkedin.com/jobs/view/4398713818/
Azure Cloud & AI Senior Consultant,EY,"Jakarta, Jakarta, Indonesia",S1,"Azure and AI.
Certification in Azure Solutions Architect.
Experience in DevOps and CI/CD pipelines.",https://www.linkedin.com/jobs/view/4385040746/
Senior Full Stack Developer,Alex Solutions,Indonesia,S1,"TypeScript, JavaScript, React, JQuery, Material-UI. 
Strong focus on performance (optimizing rendering, lazy loading), and state management like Redux.
Java, Scala, Spring Boot, Play Framework, PostgreSQL, Neo4j, Elasticsearch.",https://www.linkedin.com/jobs/view/4401642252/
Android Engineer (SDE 1),Kredivo Group,Jakarta Metropolitan Area,S1,"Proficient with Kotlin, Android SDK, Android Studio",https://www.linkedin.com/jobs/view/4400705917/
Code Review Specialist,Alignerr,Indonesia,S1,"Python, JavaScript",https://www.linkedin.com/jobs/view/4411410005/
iOS Developer,Crossing Hurdles,Indonesia,S1," iOS development using Swift and Objective-C.
Strong understanding of mobile app architecture patterns such as MVC and MVVM.
Strong experience working with RESTful APIs, third-party libraries, and Apple frameworks.",https://www.linkedin.com/jobs/view/4405088654/
Senior Software Engineer,PT Jasuindo Tiga Perkasa Tbk.,"Sidoarjo, East Java, Indonesia",S1,"(Java, C#, Kotlin, Dart, JS, Delphi, Python).",https://www.linkedin.com/jobs/view/4408487028/
Cloud Platform Engineer (SDE 2),Kredivo Group,Jakarta Metropolitan Area,S1," (networking, RBAC, scaling, workload lifecycle).
Experience with AWS and/or GCP services. (compute, networking, storage, IAM).
Experience with Infrastructure-as-Code (Terraform preferred).",https://www.linkedin.com/jobs/view/4376065048/
Senior Back End Engineer (Supply Chain) - Sea Labs,Shopee,"Jakarta, Indonesia",S1," Golang/Python/C++/Java
Proficient in Data Structures and Algorithms, Networking, OS and other Computer Science fundamentals
Familiar with common network protocols (HTTP/TCP)
Familiar with commonly used Databases, such as MySQL
Familiar with commonly used Middlewares, such as Redis and Kafka",https://www.linkedin.com/jobs/view/4373302687/
MS Engineer (L1),"NTT DATA, Inc.",Jakarta Metropolitan Area,S1,"ErP, Windows, Linux, SQL, Oracle Middleware, and Webserver",https://www.linkedin.com/jobs/view/4409286268/
Server Storage Engineer Internship,PT Berca Hardayaperkasa,"Jakarta, Jakarta, Indonesia",S1,"Maintenance server, storage and SAN Switch
Deployment, installation, configuration, maintenance, and daily operation of the server and storage 
Valuable industry networking opportunities",https://www.linkedin.com/jobs/view/4320210993/
iOS Developer,Crossing Hurdles,Indonesia,S1,"RESTful APIs, React Native or Flutter.",https://www.linkedin.com/jobs/view/4406989436/
Cloud Data Infrastructure Engineer (SDE 3),Kredivo Group,Jakarta Metropolitan Area,S1,"Experience working with Kafka, Redis, Elastisearch, or similar distributed systems.
Strong understanding of Linux, networking, and cloud fundamentals.",https://www.linkedin.com/jobs/view/4373096985/
MS Engineer (L1),"NTT DATA, Inc.",Jakarta Metropolitan Area,S1,,https://www.linkedin.com/jobs/view/4409292061/
IT Automation Developer - GSI,PT Astra International Tbk,"Jakarta, Jakarta, Indonesia",S1,"Python, Automation (Robot Framework, Selenium, Playwright, dll), IoT, Artificial Intelligence, OpenCV, Pandas, RESTful API, dan Web Programming
Memiliki pemahaman yang baik tentang database relasional (PostgreSQL, MySQL, SQL Server) ",https://www.linkedin.com/jobs/view/4403474741/
Full Stack Developer Internship,Juke Solutions (PT Juke Solusi Teknologi),"Jakarta, Jakarta, Indonesia",S1,"OOP, dan MVC.
Menguasai bahasa pemrograman Java/Golang/Python
Berpengalaman dalam pengembangan API (REST/JSON/XML) dan AJAX / HTTP Client
Menguasai DBMS PostgreSQL atau MySQL diutamakan menguasai query kompleks dan optimasi database (select, join, aggregate, subquery, dll)
Terbiasa menggunakan database management tools seperti DBeaver, SQL Developer, pgAdmin, atau sejenisnya.
Memahami konsep middleware integration, API Gateway, atau ESB menjadi nilai tambah (TIBCO, IBM, dll)
Memahami konsep dasar version control (Git) dan SDLC.
Menguasai JavaScript, HTML5 dan CSS3 ",https://www.linkedin.com/jobs/view/4392096942/
Software Engineering Intern,Pinhome,"Jakarta, Jakarta, Indonesia",S1,,https://www.linkedin.com/jobs/view/4410496548/
WordPress Developer,Vodjo,Greater Bandung,S1,"HTML5, CSS3, JavaScript, jQuery, RESTful APIs and formats (JSON, XML)",https://www.linkedin.com/jobs/view/4285705254/
Software Engineer – Python,Crossing Hurdles,Indonesia,S1,"Have expert-level proficiency in Python and the Django framework.
Have hands-on experience with PostgreSQL, including database design and optimization.
Possess strong knowledge of AWS,",https://www.linkedin.com/jobs/view/4407037003/
"AI Engineer (Remote, International)",PulsePoint,APAC,S1,"AI and ML algorithms or technologies (e.g. LLM Inference, Embeddings, and VectorDBs, ranking algorithms, and time series analysis).
Experience with k8s",https://www.linkedin.com/jobs/view/4337073876/
Backend Engineer - Golang (SDE 1),Kredivo Group,Jakarta Metropolitan Area,S1,"Go, NodeJS, Go or C++
Good understanding of microservices architecture
Proficient in HTTP, Web Services, OAuth and Restful APIs",https://www.linkedin.com/jobs/view/4376059178/
QA Automation Engineer,Hubexo,Jakarta Metropolitan Area,S1,"Cypress, Playwright, Selenium, or similar.
 
Familiarity with testing against acceptance criteria and working closely with Product Managers.
 
Familiarity with Test Case Management tools such as AIO Tests, Qase, TestRail, or similar platforms.
 
Basic understanding of web technologies (HTTP, APIs, browsers, common failure modes).",https://www.linkedin.com/jobs/view/4398897550/
Wordpress Developer,Reinforce Software Solutions Pvt. Ltd.,"Lembang, West Java, Indonesia",S1,"Drupal CMS, PHP, Java Script, AJAX, Jquery, CSS
Understanding on Drupal 8 and Drupal 9
Has good understanding of client requirements
Knowledge of PHP and the Drupal framework.
Knowledge of the Software Development Life Cycle (SDLC).",https://www.linkedin.com/jobs/view/4411964330/
Mobile Developer - GSI,PT Astra International Tbk,"Jakarta, Jakarta, Indonesia",S1,"Menguasai SQL Server Database
Menguasai Android Studio
Memahami Flutter atau React Native",https://www.linkedin.com/jobs/view/4359402757/
"Software Engineer, iOS Core Product - Yogyakarta, Indonesia",Speechify,"Yogyakarta, Yogyakarta, Indonesia",S1,"Swift Programming Language
SwiftUI experience
Experience in Multithreading Programming
Working with CI/CD infrastructure
Experience with Fastlane
SOLID principles, the ability to write every single class according to SOLID",https://www.linkedin.com/jobs/view/4406894311/
Game Developer (iOS/Android),Crossing Hurdles,Indonesia,S1,Cocos2d-x and C++ ,https://www.linkedin.com/jobs/view/4403350948/
Cloud Infrastructure Engineer (SDE 2),Kredivo Group,Jakarta Metropolitan Area,S1,"Cloud Proficiency: Hands-on experience with AWS (primary) or GCP services (EC2/GCE, S3, VPC, IAM).
Containers: Solid understanding of Docker and experience managing workloads in Kubernetes.
Automation: Practical experience with Infrastructure as Code (IaC), specifically Terraform, and configuration management tools like Ansible.
Linux & Networking: Strong grasp of Linux administration, SSH, TCP/IP, DNS, and load balancing.",https://www.linkedin.com/jobs/view/4367831228/
Application Developer Staff,Indonesia Banking School,"Karanganyar, Central Java, Indonesia",S1,"bahasa Arduino, framework front-end, PHP & VB ",https://www.linkedin.com/jobs/view/4409635673/
System Developer - GSI,PT Astra International Tbk,"Jakarta, Jakarta, Indonesia",S1,"Menguasai bahasa pemrograman seperti PHP, Java, Python, atau C# (sesuai kebutuhan).
Menguasai framework seperti Laravel, CodeIgniter, Spring Boot, atau .NET.",https://www.linkedin.com/jobs/view/4382178926/
Frontend Developer,Vodjo,Greater Bandung,S1,"APIs, etc.)
Strong experience with common front end languages such as HTML5, CSS3
Practical hands-on experience with web based JavaScript libraries, frameworks, and engines such as Vue.js, React, AngularJS, Polymer, ES6 / ES7, etc.",https://www.linkedin.com/jobs/view/4325954631/
Frontend Programmer,Halojasa Indonesia,"Gambir, Jakarta, Indonesia",S1,"UI layouts, Bootstrap, and the CSS GRID system
Proficient with html5, css3, JavaScript frameworks such as jQuery",https://www.linkedin.com/jobs/view/4354910034/
"Software Engineer, Platform - Bandung, Indonesia",Speechify,Greater Bandung,S1,"TS/Node (required)
Direct experience with GCP and knowledge of AWS, Azure, or other cloud providers
Efficiency in ideation and implementation, prioritizing tasks based on urgency and impact
Preferred: Experience with Docker ",https://www.linkedin.com/jobs/view/4408587447/
"Game Engine Developer (Cocos2d-x, C++)",Crossing Hurdles,Indonesia,S1,"Strong experience developing with Cocos2d-x and C++ for game projects.
Solid understanding of computer graphics, rendering pipelines, and optimization techniques.",https://www.linkedin.com/jobs/view/4406526953/
Senior Backend Engineer (SDE 3),Kredivo Group,Jakarta Metropolitan Area,S1,"IAAS, SAAS, PAAS in AWS environment",https://www.linkedin.com/jobs/view/4366816162/
Cloud Engineer – SCG Indonesia,SCG,"Jakarta, Indonesia",S1,"Deploy, manage, and monitor cloud services (AWS, Azure, or GCP).
Ensure system security, availability, and cost optimization.",https://www.linkedin.com/jobs/view/4299309814/
AI Implementation Developer,PT ESSA Industries Indonesia Tbk.,"Tambora, Jakarta, Indonesia",S1,"Experience in building AI systems such as RAG, NLP, or predictive analytics ",https://www.linkedin.com/jobs/view/4395857262/
Columbia University - 2026 Spring: Data Science Engineer,"SBI Consultants, LLC","Kampung Patipi Pulau, West Papua, Indonesia",S1," Data analysis
 Visualization: Power BI skills; other Dashboarding experience a plus
 Exposure to machine learning frameworks and LLM implementation
 Interpreting and communicating data insights

Programming languages: Proficiency in Python, familiarity with C++ and SQLis desirable

Cloud Platforms: Working knowledge of one or more major cloud platforms (AWS, Azure, or Google Cloud)",https://www.linkedin.com/jobs/view/4391138090/
Data Management Engineer,CBI Credit Bureau Indonesia,"South Jakarta, Jakarta, Indonesia",S1,"trong understanding of credit data systems; familiarity with SLIK is a plus.
Proficient in SQL for data analysis; knowledge of programming (e.g., Python) and reporting tools is an advantage.",https://www.linkedin.com/jobs/view/4380280365/
Odoo Developer,Erdigma Indonesia,"Purbalingga, Central Java, Indonesia",S1,"Minimum of 2 years of experience as an Odoo Developer or in a similar role.
Proficiency in Python programming and strong knowledge of the Odoo framework.
Familiarity with PostgreSQL database management.
Experience in front-end development (HTML, CSS, JavaScript) is a plus.
Strong understanding of ERP system workflows and business processes.",https://www.linkedin.com/jobs/view/4138064185/
Site Reliability Engineer,Crossing Hurdles,Indonesia,S1,"Strong Python skills for scripting, automation, and debugging.
Proficiency in Bash and familiarity with additional programming languages.
Strong understanding of infrastructure, build systems, and version control.",https://www.linkedin.com/jobs/view/4404696354/
Lead Backend Engineer (SDE 4M),Kredivo Group,Jakarta Metropolitan Area,S1,"Extensive experience in general-purpose programming languages, but willing to work in golang or python.
Proficient in HTTP, Web Services, OAuth, and Restful APIs.
Strong understanding of data structures, algorithms, and computer science fundamentals.
Strong data modeling experience in both Relational and NoSQL databases.",https://www.linkedin.com/jobs/view/4377697061/
Full Stack Developer,Agaetis Technologies,"Yaur, Papua, Indonesia",S1,"Knowledge of multiple front-end languages and libraries (e.g. HTML/ CSS, JavaScript, XML, jQuery)
Knowledge of multiple back-end languages (e.g. C#, Java, Python) and JavaScript frameworks (e.g. Angular, React, Node.js)
Familiarity with databases (e.g. MySQL, MongoDB), web servers (e.g. Apache) and UI/UX design",https://www.linkedin.com/jobs/view/4397894748/
Back End Developer (Node.Js),Vascomm,"Sidoarjo, East Java, Indonesia",S1,"Proficiency in NodeJs framework.
Strong understanding of back-end technologies
Expertise in designing and utilizing databases, especially using the eloquent ORM.
Understanding of core Laravel concepts: routing, migration, models, and controllers.
Familiarity with NoSQL databases like MongoDB
Understanding of server environments, web hosting, and deployment processes
Knowledge of RESTful APIs and web services.",https://www.linkedin.com/jobs/view/4348220100/
Senior Frontend Developer - ADMO,PT Astra International Tbk,"Jakarta, Jakarta, Indonesia",S1," JavaScript modern, mulai dari konsep dasar hingga lanjutan seperti Closures, Currying, Promises, dan custom Polyfills.
Memiliki keahlian kuat di React.js untuk membangun antarmuka yang skalabel dan berorientasi pada pengalaman pengguna.
Berpengalaman menggunakan Node.js dalam pengembangan layanan yang performant serta layer integrasi.
Menguasai proses bundling dan optimasi build menggunakan Webpack dan Gulp.
Memahami HTML5, praktik CSS modern, serta penggunaan CSS Modules untuk styling komponen yang modular.
Berpengalaman menggunakan GitLab CI/CD untuk mendukung proses build, testing, dan deployment otomatis.
Memiliki fokus kuat pada optimasi performa, termasuk audit dan peningkatan Web Vitals (FP, LCP, CLS, INP).",https://www.linkedin.com/jobs/view/4361506636/
Python Game Developer (Panda3D) - Remote,YO IT Consulting,Indonesia,S1,"Proven, hands-on experience developing with Panda3D—experience with similar engines does not substitute.
 Advanced proficiency in Python and C++ programming languages.",https://www.linkedin.com/jobs/view/4403367386/
"Software Engineer, iOS Core Product - Surabaya, Indonesia",Speechify,"Bluburlimbangan, West Java, Indonesia",S1,"Swift Programming Language
SwiftUI experience
Experience in Multithreading Programming
Working with CI/CD infrastructure
Experience with Fastlane",https://www.linkedin.com/jobs/view/4406694496/
Systems Engineer (TypeScript / Rust),Crossing Hurdles,Indonesia,S1,"Troubleshoot, debug, and optimize codebases in both TypeScript and Rust environments.",https://www.linkedin.com/jobs/view/4400729711/
Java Developer - Remote,YO IT Consulting,"Jakarta, Jakarta, Indonesia",S1,"Proficient in building and maintaining RESTful and GraphQL APIs.
Advanced understanding of backend data validation, error handling, and API security.",https://www.linkedin.com/jobs/view/4410404856/
Fullstack Developer - MODA,PT Astra International Tbk,"Jakarta, Jakarta, Indonesia",S1,"Menguasai JavaScript, React, Next.js dan Spring Boot.
Memiliki keahlian yang kuat dalam Node.js.
Berpengalaman dalam mengelola database MySQL.
Menguasai HTML dan CSS.
Mahir dalam pengembangan dan integrasi API.",https://www.linkedin.com/jobs/view/4368410462/
Machine Learning & AI Engineer,Devoteam | Google Cloud Partner,"South Jakarta, Jakarta, Indonesia",S1,"Strong programming skills in Python or Golang
Experience with machine learning frameworks such as TensorFlow, PyTorch, or scikit-learn
Experience with cloud platforms such as GCP, AWS, or Azure
Experience with modern python tech stack (FastAPI, UV)",https://www.linkedin.com/jobs/view/4377368991/
Front End Mobile - Can Join Immediately,SIGMATECH,"Jakarta, Jakarta, Indonesia",S1,"Familiar dalam implementasi UI/UX sesuai design requirement.
Memiliki pengalaman integrasi REST API / Web Service.
Memahami penggunaan Git/version control.
Memiliki kemampuan debugging dan troubleshooting dasar pada mobile application.
Terbiasa bekerja menggunakan Agile/Scrum methodology.
Mampu bekerja secara kolaboratif dengan tim Backend, QA, Product, dan Business.",https://www.linkedin.com/jobs/view/4411617528/
Python Game Developer (Panda3D),Crossing Hurdles,Indonesia,S1,"Strong experience developing with Panda3D. 
Proficiency in Python and C++ programming. 
Experience with GitHub for version control and collaboration. 
Strong understanding of 3D graphics, simulation systems, and performance optimization. ",https://www.linkedin.com/jobs/view/4403812398/
APAC Graduate Development Program,Hewlett Packard Enterprise,"Gambir, Jakarta, Indonesia",S1,"cloud computing concepts, architectures, and services (e.g., AWS, Azure, Google Cloud)
artificial intelligence concepts, machine learning frameworks and data analytics
sustainability concepts, practices, and technologies, particularly in how they relate to IT solutions
security and containerization technologies (e.g. DevOps tools or Kubernetes)
Data Center Infrastructure & Networking concepts
Proficiency in programming languages such as Python, Java, or JavaScript",https://www.linkedin.com/jobs/view/4388352153/
Senior Cloud Infrastructure Security Engineer (SDE 3),Kredivo Group,Jakarta Metropolitan Area,S1,"Solid understanding, proficient in architecting and securing multi-account AWS environments and GCP projects
Solid understanding in IAM policy concepts, least privileges access, MFA, VPC Service Controls, Guardrails",https://www.linkedin.com/jobs/view/4400717824/
Python Developer,P.T. Adi Media Expertindo,"East Java, Indonesia",S1,"Experience with LLM frameworks (LangChain, LlamaIndex, Haystack)
Hands-on experience with FastAPI, Flask, or Django
Familiarity with vector databases (Pinecone, Weaviate, ChromaDB, FAISS)
Experience with NLP libraries (spaCy, NLTK, Hugging Face Transformers)
Knowledge of cloud platforms (AWS, Google Cloud, or Azure)
Experience with Docker and containerization
Understanding of CI/CD pipelines
Previous chatbot development experience (Rasa, Botpress, or similar)
Experience with ML frameworks (scikit-learn, TensorFlow, PyTorch)",https://www.linkedin.com/jobs/view/4320221018/
Java Developer - Remote,YO IT Consulting,"Mena, East Nusa Tenggara, Indonesia",S1,"Proficient in building and maintaining RESTful and GraphQL APIs.
Advanced understanding of backend data validation, error handling, and API security.",https://www.linkedin.com/jobs/view/4408953492/
Backend Engineer,Bibit.id,"Jakarta, Jakarta, Indonesia",S1,"Willing to learn at least one programming language: Go, C++, Java, or Python. Basic understanding of their paradigms, constructs, and idioms. Proficiency in Go language is a plus.",https://www.linkedin.com/jobs/view/4409295301/
Mobile Engineer (Flutter),Akar Inti Teknologi,Jakarta Metropolitan Area,S1,"Proven production experience using Flutter 
Strong understanding of mobile application lifecycle 
Solid knowledge of HTTP networking and JSON parsing 
Familiar with Git and CI/CD workflows ",https://www.linkedin.com/jobs/view/4379618763/
"Delivery Consultant - Database Migrations and Modernization, AWS Professional Services, ASEAN",Amazon Web Services (AWS),"Jakarta, Jakarta, Indonesia",S1,"NoSQL
Good understanding maintainable and testable code, including API design, unit testing and UI testing technique
Experience working in an Agile/Scrum development process will be preferable
 (Oracle/MSSQL → PostgreSQL/MySQL) (Java, Python, C++, JavaScript),",https://www.linkedin.com/jobs/view/4399889141/
Software Engineer - Consultant Manager,EY,"Jakarta, Jakarta, Indonesia",S1,"Good understanding of database systems, both relational and NoSQL
Good understanding maintainable and testable code, including API design, unit testing and UI testing technique
Experience working in an Agile/Scrum development process will be preferable
Humble and hungry consultant, always curious, always looking for a better way, and have an excellent communication skill",https://www.linkedin.com/jobs/view/4385048323/
Cloud Infrastructure Security Engineer (SDE 2),Kredivo Group,Jakarta Metropolitan Area,S1,"AWS and GCP
 Terraform
Docker and Kubernetes 
 SQL Knowledge of Cloud Security Standards, preferably CIS Benchmark",https://www.linkedin.com/jobs/view/4376724206/
Ruby on Rails Developer - Remote,YO IT Consulting,"Jakarta, Jakarta, Indonesia",S1,Expert proficiency in Ruby and Ruby on Rails Strong background in API design and service-oriented architecture,https://www.linkedin.com/jobs/view/4412516822/
"Software Engineer, iOS Core Product - Bandung, Indonesia",Speechify,Greater Bandung,S1,"Swift Programming Language
SwiftUI experience
Experience in Multithreading Programming
Working with CI/CD infrastructure
Experience with Fastlane",https://www.linkedin.com/jobs/view/4407104171/
Software Developer,PT. PASSION ABADI KORPORA,"Kota Tangerang Selatan, Banten, Indonesia",S1,"Minimum 2 years of professional experience as a Backend Developer, PHP Developer, or Data Programmer
Strong proficiency in PHP with solid experience using MVC architecture
Hands-on experience with CodeIgniter (CI) framework
Proficient in MySQL for database design, development, and performance optimization
Working knowledge of JavaScript and jQuery
Experience using Bootstrap (CSS framework) for responsive web design
Experience in developing, maintaining, and integrating ERP systems",https://www.linkedin.com/jobs/view/4352092269/
Sr. Software Engineer,RevComm Indonesia,"Jakarta, Indonesia",S1,"Amazon Web Services (AWS), Python (Programming Language)",https://www.linkedin.com/jobs/view/4403687429/
Java Gameplay Developer (libGDX),Crossing Hurdles,Indonesia,S1,Strong experience working with the libGDX framework.,https://www.linkedin.com/jobs/view/4403827419/
Senior Backend Engineer - International (SDE 3),Kredivo Group,Jakarta Metropolitan Area,S1,"Experience working on one of follow programming language: Python, Golang or C++
Good understanding of microservices architecture and event driven programming paradigm
Proficient in HTTP, Web Services, OAuth and Restful APIs
Familiar with Linux environment
Experience working with cloud based systems and infrastructure services such as AWS, GCP, etc is a plus",https://www.linkedin.com/jobs/view/4370645506/
Applications Developer,PT Adicipta Inovasi Teknologi,Greater Malang,S1," .NET, ASP .NET, C# .NET, Java, Kotlin, & SQL Server is preferred",https://www.linkedin.com/jobs/view/4143047054/
SAP Analytics Cloud (SAC) Consultant,Accenture Southeast Asia,"Jakarta, Jakarta, Indonesia",S1,"Minimum 4 years of relevant experience in SAP Analytics Cloud (SAC)
Advanced proficiency in Software as a Service (SaaS).",https://www.linkedin.com/jobs/view/4403989536/
System Engineer,PT. Mastersystem Infotama,"Jakarta, Indonesia",S1,"VMware Certified Professional (VCP) certification is mandatory 
Strong knowledge of VMware technologies including vSphere, ESXi, and vCenter Comfortable working with Command Line Interface (CLI) and basic scripting 
Willing to work shifts Experience with container technologies (Docker, Kubernetes), automation tools (Ansible, Terraform), and cloud platforms (AWS, Azure, GCP) is a plus",https://www.linkedin.com/jobs/view/4386557159/
Ruby on Rails Developer - Remote,YO IT Consulting,APJ,S1,Expert proficiency in Ruby and Ruby on Rails Strong background in API design and service-oriented architecture,https://www.linkedin.com/jobs/view/4412534156/
DevOps Engineer,Crossing Hurdles,Indonesia,S1,"Strong experience with AWS services and cloud architecture.
Proficiency in CI/CD pipelines, automation tools, and infrastructure as code.",https://www.linkedin.com/jobs/view/4405978708/
QA Engineer (ShopeePay) - Sea Labs,Sea,"Jakarta, Indonesia",S1,"Master at least one programming language, prefer golang and python
Master on popular test tools such as postman, applium, lucust,charles etc",https://www.linkedin.com/jobs/view/3806667811/
Applications Developer .NET,PT Adicipta Inovasi Teknologi,"Kecamatan Kebayoran Baru, Jakarta, Indonesia",S1,"Have experience with .NET, ASP .NET, C# .NET, .NET Core & SQL Server",https://www.linkedin.com/jobs/view/3732190635/
Software Developer,PT. PASSION ABADI KORPORA,"Kota Tangerang Selatan, Banten, Indonesia",S1,"Strong proficiency in PHP with solid experience using MVC architecture
Hands-on experience with CodeIgniter (CI) framework
Proficient in MySQL for database design, development, and performance optimization
Working knowledge of JavaScript and jQuery
Experience using Bootstrap (CSS framework) for responsive web design
Experience in developing, maintaining, and integrating ERP systems",https://www.linkedin.com/jobs/view/4352142164/
"Senior Software Engineer, Windows/Desktop Applications - Yogyakarta, Indonesia",Speechify,"Yogyakarta, Yogyakarta, Indonesia",S1,"3+ in Windows desktop application development using Windows App SDK, WinUI (or similar), C#, XAML — and ideally additional experience with native Windows code (C++, Win32/WinRT/COM).
Deep understanding of Windows application architecture, including interop between managed code (.NET) and native code.
Proven track record of designing, building, and shipping production-quality desktop applications, with an emphasis on reliability, performance, scalability, and maintainability.
Strong experience with accessibility APIs on Windows (e.g. Microsoft UI Automation or similar),",https://www.linkedin.com/jobs/view/4409546324/
Backend Engineer (JSON Schema),Crossing Hurdles,Indonesia,S1,"Strong experience in data modeling, schema design, and JSON schema development.",https://www.linkedin.com/jobs/view/4406949710/
Quality Assurance Engineer,PHINCON,"Bandung, West Java, Indonesia",S1,"Experience in web testing and testing with Postman.Proficient in using MySQL.
Previous involvement in software development projects, preferably in the healthcare field.",https://www.linkedin.com/jobs/view/4401013806/
Senior Software Engineer - Quality Assurance,Xenith,"Jakarta, Indonesia",S1,"Experience in API testing using tools such as Postman, REST Assured, or similar.
Strong proficiency in test automation frameworks (e.g., Selenium, Cypress, Playwright) and scripting languages (e.g., Python, Java, JavaScript).
Familiarity with payment gateways, transaction processing, or fintech applications is a plus.
Experience with CI/CD tools (e.g., Jenkins, GitHub Actions, CircleCI) and cloud-based infrastructure testing.",https://www.linkedin.com/jobs/view/4311845453/
Cloud Engineer,PT. Intikom Berlian Mustika,Jakarta Metropolitan Area,S1,"Solid theoretical and practical knowledge of Docker and Kubernetes (AKS, EKS, CCE, OpenShift)
Experience with at least two (2) cloud platforms: AWS, Azure, Huawei Cloud, or Alibaba Cloud
Strong understanding of cloud architecture differences across major providers
Knowledge of Cloud Migration strategies, including the 6 Rs (Rehost, Replatform, Refactor, etc.)",https://www.linkedin.com/jobs/view/4368977068/
Data Engineer,BJAK,Indonesia,S1,"Strong programming skills in Python and/or TypeScript, with solid SQL proficiency.
Good understanding of data modeling, ETL/ELT concepts, and analytics workflows.
Hands-on experience with data warehouses (e.g. BigQuery, Snowflake).",https://www.linkedin.com/jobs/view/4411959336/
Supervisor Application Developer .Net,PT Adicipta Inovasi Teknologi,Jakarta Metropolitan Area,S1,"Must have experience with .NET, ASP .NET, C# .NET, SQL Server
Have experience leading a developer team is preferable
Strong passion on IT industry
Understand OOP Concepts is preferred",https://www.linkedin.com/jobs/view/3732188891/
SOC Security Engineer,Bibit.id,"Jakarta, Jakarta, Indonesia",S1,"Security Analyst / SOC / related roles
Hands-on experience with security tools such as SIEM, EDR, IDS/IPS, or WAF
Strong understanding of security fundamentals (network security, web security, authentication, etc.)
Experience in incident response and threat investigation, including handling true positive critical incidents
Ability to analyze system logs and identify suspicious patterns or anomalies
Familiarity with cloud environments (AWS/GCP) ",https://www.linkedin.com/jobs/view/4409290594/
Senior 3D Game Developer (Panda3D / Python),Crossing Hurdles,Indonesia,S1,"Proficiency in Python or C++ for gameplay logic, scripting, and tool creation.
Solid understanding of 3D graphics concepts, game loops, and simulation architectures.",https://www.linkedin.com/jobs/view/4403349241/
QA Engineer (Marketplace) - Sea Labs,Sea,"Jakarta, Indonesia",S1,"Python, Java, and Golang.",https://www.linkedin.com/jobs/view/3834655601/
Business Intelligence - Engineering Intern (Data Governance),Shopee,"Jakarta, Indonesia","S1 Computer Science, Data Engineering, Software Engineering, or related field","Final-year student or recent graduate in Computer Science, Data Engineering, Software Engineering, or related field
 Internship experience in data engineering, frontend/backend development is a plus
 Familiar with front end and/or back end development
 Can code in at least one language (e.g., Python)
 Familiar with Kubernetes is a plus
 Understanding of SQL query and data modeling are a plus",https://www.linkedin.com/jobs/view/4370636535/
WEB DEVELOPER (UI/UX + SEO FOCUS),SOPHSTONE,"Bali, Indonesia","S1 Bachelor’s degree in Computer Science, Web Development, or a related field is a plus","Proven experience as a Web Developer with a strong portfolio
 Proficiency in HTML, CSS, JavaScript, and modern web development practices
 Strong understanding of UI/UX principles and user-centered design
 Solid knowledge of technical SEO and on-page SEO implementation
 Experience building, managing, and maintaining websites
 Familiarity with CMS platforms such as WordPress and/or Webflow",https://www.linkedin.com/jobs/view/4409767368/
Game Designer,Arcstar Studios,Indonesia,S1,"Strong gaming background
 Deep understanding of Minecraft (Bedrock specifically) and its mechanics
 Proven ability to write clear Game Design Documents (Google Docs, Notion, or outline format)
 Solid grasp of game balancing
 Creative thinker who can take rough ideas and shape them into something better
 Genuine passion for gaming and the craft of game design
 Passive English proficiency",https://www.linkedin.com/jobs/view/4411957895/
Ai Trainer/Data Annotator - Remote,YO IT Consulting,"Jakarta, Jakarta, Indonesia",D4/S1,"Background in design, UX/UI, creative direction, editing, or content strategy.
 Experience reviewing creative, visual, or AI-generated content.
 Familiarity with annotation, QA, moderation, or evaluation workflows, as well as working with AI tools or LLMs.",https://www.linkedin.com/jobs/view/4408346650/
Web Scraping Engineer — European Public Procurement,Nesso Digitale,Indonesia,S1,Python 3.11+ · Playwright · httpx · BeautifulSoup · Pydantic · SQLAlchemy 2.0 · PostgreSQL · Prefect · AWS S3 · Supabase,https://www.linkedin.com/jobs/view/4409911922/
Product Developer Intern,DANA Indonesia,"Jakarta, Indonesia",S1,"Pursuing an S1/Bachelor’s degree in STEM or Technical / Engineering background (e.g. Computer Science, Data Science, Information System, Engineering, etc).
 Currently in the 3rd or 4th year of study.
 Able to commit to a 6-month internship with placement in Jakarta.
 Must have strong knowledge and hands-on experience in SQL.
 Strong analytical skills and great understanding of the user's behavior.
 Self-motivated and able to thrive in a fast-paced and dynamic environment.
 Excellent communication skills in English both verbal and written.
 Preferred: knowledge and skills in Data Science / GenAI / Automation tools.",https://www.linkedin.com/jobs/view/2147623717/
AI Training Specialist,Alignerr,Indonesia,D4/S1,"Experience in content review, quality assurance, research, or editing
 Familiarity with AI tools or platforms as an end user
 Background in writing, journalism, data entry, or analysis",https://www.linkedin.com/jobs/view/4411405407/
SEO dan Web Developer,President University,"North Cikarang, West Java, Indonesia",S1,"Proven experience in SEO and website development (portfolio is a plus)
 Strong understanding of SEO tools (Google Analytics, Google Search Console, SEMrush, Ahrefs, etc.)
 Experience with CMS platforms (WordPress or similar) and basic coding (HTML, CSS, JavaScript)
 Familiarity with current digital trends, especially in the education or higher education industry
 Strong analytical thinking and problem-solving skills
 Ability to work collaboratively and communicate effectively across teams",https://www.linkedin.com/jobs/view/4404713572/
Python Developer,Crossing Hurdles,Indonesia,S1,"Strong experience in Python development and building scalable systems.
 Solid understanding of software development principles and design patterns.
 Proficiency with version control systems such as Git.
 Strong problem-solving and analytical thinking abilities.
 Ability to work independently in a remote, distributed environment.
 Excellent written and verbal communication skills.
 Strong attention to detail and commitment to high-quality code.",https://www.linkedin.com/jobs/view/4403825344/
QA Engineer Intern (Surabaya based),IDN,"Surabaya, East Java, Indonesia",S1,"Basic understanding of software development and testing life cycles
 
 3. Familiarity with testing tools (e.g., Postman, Selenium, JIRA) is a plus",https://www.linkedin.com/jobs/view/4408660373/
Forward Deployment Engineer,Paystone,Jakarta Metropolitan Area,S1,"Are a Python wizard with AI/ML experience (LangChain, LangGraph, RAG, MLflow, or similar)",https://www.linkedin.com/jobs/view/4402997945/
Software Engineer (On-site),Integrity Malaysia,"Jakarta, Jakarta, Indonesia",S1,"Middle to Senior experienced programmer, especially in Java, React, and/or other Programming language.
  Bachelor's degree in Computer Science or related field.
  Experience developing enterprise applications.
  In-depth knowledge of SQL databases.",https://www.linkedin.com/jobs/view/4369035825/
"Lead Software Engineer, JavaScript/TypeScript (Remote)",BJAK,"Jakarta, Jakarta, Indonesia",S1,"Experience in Node.js. 
 Experience with MongoDB, RestAPI, JavaScript/Typescript, CSS and HTML5.",https://www.linkedin.com/jobs/view/4412440998/
Fullstack Developer,PT Adicipta Inovasi Teknologi,"West Jakarta, Jakarta, Indonesia",S1,"Familiar dengan Java, Java Spring Boot, Vue.js
 Familiar dan memahami dengan front end: Java Script (Node JS, React JS), Back end: Java, Framework: Java Spring Boot dan Gin
 Nilai tambah jika menguasai Golang
 Memahami rest API
 Memahami konsep OOP
 Familiar dengan mySQL/ database postgre
 Pengalaman dengan integrasi API
 Familiar dengan kerangka MVC
 Familiar dengan Frontend (Minimal JQuery dan CSS)",https://www.linkedin.com/jobs/view/4400295770/
Enterprise Security Engineer,Amartha Financial,Jakarta Metropolitan Area,S1,"Experience deploying and managing endpoint security solutions (e.g. management frameworks, EDR tools)
 Experience with public cloud service providers (e.g. GCP, AWS)
 Experience with identity and access management frameworks and protocols, including SAML, OAUTH, and SCIM
 Experience with e-mail security protocols (e.g. SPF, DKIM, DMARC) and controls
 Intermediate or advanced proficiency with a scripting language (e.g. Python, Bash, or similar)
 Tools familiarity : Google Workspace, Wazuh, Forcepoint, Crowdstrike, SentinelOne, Elastic-Logstash-Kibana Stack, and various enterprise security",https://www.linkedin.com/jobs/view/4389995635/
Cocos2d-x Game Engine Developer (C++),Crossing Hurdles,Indonesia,S1,"Strong experience developing with Cocos2d-x and C++ in game projects.
 Solid background in computer graphics, rendering pipelines, and optimization.
 Experience deploying games across mobile, desktop, and console platforms.",https://www.linkedin.com/jobs/view/4403374113/
Technology Lead (Indonesia),Solve Education!,"Bandung, East Java, Indonesia",S1,"Technical Expertise: Strong hands-on experience with modern programming languages and frameworks such as Python, JavaScript/Node.js, and React, along with experience using cloud platforms (AWS, Google Cloud, or Azure).
 Solid background in data engineering, including ETL/ELT pipelines, data warehousing (BigQuery, Snowflake, Redshift), and scalable data architectures. Familiarity with AI/ML frameworks, APIs, automation, and system integration is highly desirable.",https://www.linkedin.com/jobs/view/4383470562/
Solution Architect Developer,Xtremax,"Bandung, West Java, Indonesia",S1,"Hands-on experience with AWS, Azure, or GCP
 Strong programming knowledge (Java, Python, C#) and database skills (SQL/NoSQL)
 Solid understanding of cloud-native design patterns, microservices, and CI/CD practices",https://www.linkedin.com/jobs/view/4385327531/
DevOps Engineer,BJAK,"Jakarta, Jakarta, Indonesia",S1,"Experience with Groovy
 Familiarity with frontend frameworks such as React or AngularJS
 Familiarity with JavaScript / TypeScript
 Experience working with Node.js
 Familiarity with MongoDB",https://www.linkedin.com/jobs/view/4412463042/
Backup System Engineer (Veritas),Juke Solutions (PT Juke Solusi Teknologi),"Jakarta, Jakarta, Indonesia",S1,"Experience in implementing, managing, and troubleshooting enterprise-level backup and disaster recovery systems.
 Proven experience with backup and recovery methodologies, storage management, and disaster recovery planning.
 Familiarity with Linux and Windows Server environments as they relate to backup solutions.
 Certifications (Preferred): Veritas NetBackup Certified Professional (VCP) or equivalent Veritas certifications.",https://www.linkedin.com/jobs/view/4381432036/
Senior Software Engineer,Cermati.com,"Jakarta, Jakarta, Indonesia",S1,"Strong problem solving & software engineering coding skills preferably, but not limited to, Java/NodeJS. 
 Have experience in RDBMS technology like PostgreSQL/MySQL. 
 Experience in version control (Git) and familiarity with development collaboration tools (GitHub/Phabricator).",https://www.linkedin.com/jobs/view/4410065204/
Senior Backend Engineer - Bibit,Bibit.id,"Jakarta, Jakarta, Indonesia",S1,"Proven experience in Node.js (mandatory: TypeScript) and Golang (plus point).
 Knowledge of coding standards and best practices for production environments.
 Experience with message queuing and streaming platforms (Amazon SQS, SNS, Kinesis, Apache Kafka) for scalable, event-driven architectures.
 Strong grasp of microservices.
 Familiarity with Golang and Node.js tools and frameworks.
 Proficient with version control systems, particularly Git and GitLab.
 Experience deploying to cloud services (AWS/GCP) and using integration pipelines.
 Comfortable in a Linux environment.",https://www.linkedin.com/jobs/view/4409283756/
libGDX Java Game Developer- Cross Platform,Crossing Hurdles,Indonesia,S1,"Strong experience in Java programming, especially in game development.
 Strong experience working with the libGDX framework.
 Solid understanding of cross-platform game development principles.
 Ability to optimize performance and improve code efficiency.
 Experience building modular and reusable codebases.",https://www.linkedin.com/jobs/view/4403344878/
SAP ABAP Developer - Jakarta,Accenture Southeast Asia,"Jakarta, Jakarta, Indonesia",S1,"roficient in Dialog Programming, Smart Forms, SAP Script, User Exits, ABAP/4 Dictionary, Business Add-Ins (BADI), and Data Interfaces (RFC, ALE, ALV, IDOCS, BDC, BAPI, BDT, LSMW).
 Skilled in SQL Trace, SAP Runtime Analysis, Debugging, ABAP Query, and InfoSets.
 Experience in report development, performance tuning, and supporting both customized and standard SAP programming.",https://www.linkedin.com/jobs/view/4328069382/
Sr. Google Workspaces Engineer,Devoteam | Google Cloud Partner,Jakarta Metropolitan Area,S1,"Expert-level knowledge of Cloud Identity, SSO, SAML, LDAP, and Google Cloud Directory Sync (GCDS) in a global context. 
 Mastery of global DNS management (MX, SPF, DKIM, DMARC) and troubleshooting complex mail routing issues. 
 Proficiency in JavaScript/Google Apps Script and experience working with Google Workspace APIs.",https://www.linkedin.com/jobs/view/4369119498/
"Tech Lead, Android Core Product - Yogyakarta, Indonesia",Speechify,"Yogyakarta, Yogyakarta, Indonesia",S1,"Kotlin
 Kotlin Coroutines
 Kotlin Flow
 Jetpack Navigation
 Dagger 2
 Room
 Custom Views, Canvas & Paint
 Jetpack Compose
 Junit",https://www.linkedin.com/jobs/view/4410904115/
Android Software Engineer,BJAK,"Jakarta, Jakarta, Indonesia",S1,"Kotlin / Java
 SQL / noSQL
 TensorFlow Lite (on-device inference)",https://www.linkedin.com/jobs/view/4369768464/
Lead Backend Engineer - Bibit,Bibit.id,"Jakarta, Jakarta, Indonesia",S1,"Knowledge of coding standards and best practices for production environments.
 Experience with message queuing and streaming platforms (Amazon SQS, SNS, Kinesis, Apache Kafka) for scalable, event-driven architectures.
 Strong grasp of microservices.
 Familiarity with Golang and Node.js tools and frameworks.
 Proficient with version control systems, particularly Git and GitLab.
 Experience deploying to cloud services (AWS/GCP) and using integration pipelines.
 Comfortable in a Linux environment.",https://www.linkedin.com/jobs/view/4409291487/
Cloud Security Engineer,Ajaib,"Jakarta, Jakarta, Indonesia",S1,"SIEM/Logging: Proficiency in Wazuh (log ingestion, correlation, and dashboards) or any other SIEM tool and Google SCC
 EDR/WAF: Hands-on experience managing CrowdStrike Falcon and Cloudflare WAF
 Cloud Security: Practical experience with GCP or AWS security monitoring and IAM
 Incident Response: Mastery of the full incident lifecycle (Triage, Containment, Eradication, Lessons Learned)
 Scripting: Proficiency in Python or Bash for automating response playbooks and custom security checks
 IaC Security: Basic knowledge of GCP or AWS for monitoring infrastructure drift
 Frameworks: Familiarity with MITRE ATT&CK
 Crypto Security: Basic understanding of blockchain fundamentals, wallet security, and DeFi-specific threats (e.g., flash loans, exchange exploits)
 JumpCloud Integration: Experience integrating JumpCloud with infrastructure tools to enforce the ""Kill Switch"" during offboarding",https://www.linkedin.com/jobs/view/4410563501/
Go Engineer,Crossing Hurdles,Indonesia,S1,"Strong understanding of Go idioms including concurrency patterns, clear error handling, composition-based design, readable interfaces, and API development best practices
 Hands-on experience building and maintaining production-grade backend applications using Go in cloud-native or distributed environments
 Experience evaluating backend-oriented Go code for correctness, readability, concurrency handling, error propagation, and system design quality
 Strong English communication skills (C1 or above) with the ability to write structured, precise, and technically detailed explanations
 Familiarity with Go frameworks and tools such as Gin, Echo, gRPC, profiling tools, CI/CD workflows, and modern backend engineering practices preferred",https://www.linkedin.com/jobs/view/4412466078/
Développeur EMS,Icare Energie,"Bureau, West Papua, Indonesia",S1,,https://www.linkedin.com/jobs/view/4351956379/
Lead Data Engineer,Cermati.com,"Jakarta, Jakarta, Indonesia",S1,"trong hands-on experience in java, python is required. Must have shipped multiple projects with a major hands-on contribution to each project.
 Experience in Big data technologies: Hadoop ecosystem (map-reduce, spark, Kafka)
 Experience in different storage technologies: OLTP like Postgres, OLAP like Redshift, Google BigQuery, NoSQL like Redis, HBase, Kafka
 Familiarity with machine learning algorithms and concepts (gradient descent, logistic regression) and software libraries like pandas, TensorFlow, etc.",https://www.linkedin.com/jobs/view/3781782157/
Senior Backend Engineer (Crypto),Bibit.id,"Jakarta, Jakarta, Indonesia",S1,"Strong programming skills in Go / Java / Phyton (Stockbit’s core stack is Go preferred). 
 Deep knowledge of RESTful API / gRPC, microservices, and event-driven architecture. 
 Solid understanding of concurrency, distributed systems, and high-performance backend design. 
 Experience with RDBMS (PostgreSQL/MySQL) and NoSQL (Redis, MongoDB, etc.). 
 Experience with message brokers (Kafka, RabbitMQ, etc.) for real-time transaction processing. 
 Hands-on experience with blockchain/crypto integration (wallet services, Web3 APIs, smart contracts, exchange systems) is a big plus. 
 Familiarity with security best practices: encryption, key management, KYC/AML compliance. 
 Experience with Docker/Kubernetes and cloud platforms (AWS/GCP).",https://www.linkedin.com/jobs/view/4409273945/
Senior QA Automation Engineer,BJAK,"Jakarta, Jakarta, Indonesia",S1,"trong experience with automation tools such as Playwright, Cypress, Selenium, or Appium. 
 Proficiency in JavaScript/TypeScript is a must
 Solid understanding of REST APIs, automated API testing (Postman, Newman, REST Assured). 
 Experience with CI/CD pipelines and version control (Git). 
 Knowledge of software testing methodologies and QA best practices. 
 Familiarity with microservices, cloud platforms (AWS/GCP), and containerization (Docker/Kubernetes) is a plus.",https://www.linkedin.com/jobs/view/4412455301/
Gameplay Engineer (Cocos2d-x),Crossing Hurdles,Indonesia,S1,"Strong experience developing with Cocos2d-x and C++ in game projects.
 Solid background in computer graphics, rendering pipelines, and optimization.
 Experience deploying games across mobile, desktop, and console platforms.
 Deep understanding of cross-platform development challenges and solutions.",https://www.linkedin.com/jobs/view/4403348867/
Laser Programmer (FINNS Beach Club),FINNS Global,"Kecamatan Kuta Selatan, Bali, Indonesia",S1,"a skilled Laser Programmer to join our Entertainment Department. As a Laser Programmer, you will be responsible for designing, programming, and controlling all segments of the laser show, including beam effects, graphics, 3D animations, audio/video integration, and live show control.",https://www.linkedin.com/jobs/view/4334779176/
"Senior/Staff Machine Learning Engineer - Bidding (Bangkok based, relocation provided)",Agoda,"Jakarta, Jakarta, Indonesia",S1,"Bachelor’s degree in computer science /information systems/engineering/related field 6+ years of experience in software engineering with a minimum of 4+ years in ML
 Expert in SQL, Python3, and JVM based programming language – ie, Java or Scala
 Expert in software design/design patterns, functional programming and object-oriented programming.",https://www.linkedin.com/jobs/view/4308406147/
Senior Linux System Engineer,ServerHub,Greater Bandung,S1,"Expert knowledge of web hosting technologies (cPanel, Plesk, WHM, LAMP/LEMP stacks).
Strong scripting ability in Perl, Bash, and Python.
Experience with configuration management tools (Ansible, Puppet, Chef).
Networking expertise – understanding of TCP/IP, DNS, VPN, Firewalls, Load Balancing. Familiarity with RAID, SAN, NAS, and distributed storage systems.
Experience working in a 24/7 production environment with on-call duties.
Ability to build and configure servers from the ground up.
Certifications such as RHCE, AWS Certified SysOps Administrator, or Kubernetes (CKA) are a plus.",https://www.linkedin.com/jobs/view/4317588386/
Senior Staff Engineer Test Technology and Solutions,Tap Growth ai,"Batam, Riau Islands, Indonesia",S1,"Strong, hands-on experience inSemiconductor Test Technology, including test concepts, test development, and production test support.
 Proven expertise inContact Technology(Eg. Wafer test, wafer sort, test socket and probe card/probe test)
 Experience working withATE platformsand test hardware in high‑volume manufacturing.
 Proficient inmechanical design and simulation tools, such as3D CAD, SolidWorks, AutoDesk, Creo, Pro/E, or equivalent.",https://www.linkedin.com/jobs/view/4408626760/
Site Reliability Engineer,StraitsX,"Jakarta, Jakarta, Indonesia",S1,"A strong willingness to continuously upgrade skills and stay up-to-date with the latest DevOps trends.
 Experience with cloud-native tools (e.g., Kubernetes, Docker, Nginx, OpenTelemetry) is a plus.
 Experience managing cloud servers (AWS, GCP).
 A desire to transition into engineering management is a valued addition.
 Experience with on-premises physical servers, databases, and storage solutions (MySQL, PostgreSQL, Redis) is a plus, as well as familiarity with Infrastructure as Code (IaC) tools (Terraform, Pulumi).",https://www.linkedin.com/jobs/view/4394620329/
Full-Stack Software Engineer,Crossing Hurdles,Indonesia,S1,"Strong experience in JavaScript, React, and Node.js development.
 Strong understanding of RESTful APIs, microservices, and system architecture.
 Proven ability to build and deploy scalable full-stack applications.
 Knowledge of security best practices in web development.",https://www.linkedin.com/jobs/view/4406954877/
Frontend Developer,bid.,APAC,S1,"Advanced React.js and Next.js
 Strong TypeScript and Tailwind CSS skills
 Experience using AI coding agents to accelerate your workflow
 Comfortable reviewing and fixing AI-generated code",https://www.linkedin.com/jobs/view/4408625827/